Flinn,fcridlon0@bigcartel.com,8486076277
Melony,mgregory1@oracle.com,5817255576
Conroy,csyphas2@constantcontact.com,8865039281
Ara,apregel3@about.com,6781899323
Cyndy,csimonassi4@cornell.edu,8235806998
Gerrie,gheaviside5@netvibes.com,4296319457
Raviv,raleksandrev6@tripod.com,2026997595
Gayle,glinsay7@sfgate.com,5962660414
Clevie,cdilrew8@cnet.com,5494989928
Ardyth,afendley9@infoseek.co.jp,3374378735
Sergei,sfeuella@dot.gov,6809390793
Blondy,bkirkhamb@hc360.com,7451196814
Moishe,mgillinoc@privacy.gov.au,8885155475
Verena,vdulsond@ezinearticles.com,4539307056
Karla,kalburye@comsenz.com,1753504628
Aline,aweatherhillf@unicef.org,4291421367
Carina,cpegdeng@mac.com,9917008619
Monica,mgrelakh@slideshare.net,6582688675
Melitta,mganifordi@dedecms.com,4823439628
Clemmy,cmeneyerj@amazon.co.jp,8346809749
Noelyn,ncellerk@google.fr,3251838392
Vaughan,vroycraftl@hubpages.com,7733672469
Ingemar,ifurym@elpais.com,4416365015
Peta,pmawhinneyn@twitter.com,8102451053
Dominic,dparfitto@theglobeandmail.com,5068315887
Saba,sgarlingep@ezinearticles.com,2177513073
Dannie,dpaxfordeq@hp.com,1027524889
Shannan,sgiacoppolir@jimdo.com,8411404918
Timmie,tsilverss@last.fm,2347739956
Charles,ceadingtont@imageshack.us,7972422496
Marnia,mfilleru@census.gov,3769674490
Frederigo,fkryszkav@nymag.com,3542742232
Klarika,kgrundellw@furl.net,5419759360
Madelon,msissonsx@ezinearticles.com,5236623309
Feliza,fmorratty@nih.gov,5356763968
Lorenza,leunsonz@lycos.com,2558742111
Haskell,hsmillie10@zimbio.com,2155138043
Angelica,aandreix11@sourceforge.net,7472259584
Jamie,jcuppleditch12@flickr.com,6982202599
Cara,cbyre13@yolasite.com,6218434290
Rog,rberthouloume14@tripadvisor.com,3885743277
Ferris,fgittens15@ibm.com,1504445146
Gavan,gknowlys16@usgs.gov,3736528539
Aeriela,asouthworth17@timesonline.co.uk,7312270279
Kendall,kfenton18@yandex.ru,9878366558
Ingaborg,ihestrop19@theguardian.com,4327551523
Magdalene,mtranckle1a@devhub.com,2084287510
Chrysler,cglidden1b@myspace.com,4811401354
Anna-maria,aduigan1c@ebay.co.uk,5876226501
Germayne,gemlen1d@java.com,2085393189
Kellina,kstirtle1e@blogspot.com,6465312343
Renee,rcoombes1f@vkontakte.ru,4358318936
Konstantin,kgagan1g@msu.edu,8406836921
Dorette,dgrier1h@oracle.com,1019759265
Bendite,bclapp1i@tmall.com,2695887975
Ronnie,rharrowell1j@jimdo.com,1599828029
Fay,fhens1k@zdnet.com,4291572211
Lincoln,lruckhard1l@bloglines.com,1821789792
Lorry,lduck1m@newyorker.com,3382104715
Jamaal,jmeehan1n@google.ru,7762547692
Bennett,bodowgaine1o@ibm.com,4149178986
Ernst,ecokly1p@irs.gov,8474217863
Chrissy,ccreboe1q@shutterfly.com,1786072980
Georgianne,glemarie1r@examiner.com,2391704959
Felic,fglavis1s@wunderground.com,9894680098
Scotti,still1t@wix.com,5288208823
Sarge,simos1u@nsw.gov.au,4253674007
Giles,grhodef1v@globo.com,1382239077
Riccardo,rderisley1w@yelp.com,4628438857
Darsie,dhollier1x@github.com,3561729699
Gae,gcorbyn1y@twitter.com,6262758579
Xerxes,xferrie1z@odnoklassniki.ru,4086463786
Neille,nstairmand20@discuz.net,8018619808
Clary,collive21@privacy.gov.au,2702579406
Virginie,vcharte22@a8.net,7254981245
Ber,bputt23@washington.edu,5486007470
Melosa,mbolduc24@barnesandnoble.com,8724593019
Malory,mnaismith25@businesswire.com,2146939290
Mariska,mbensen26@chronoengine.com,5403001221
Elisa,ejenk27@uol.com.br,1112984060
Ursala,utrammel28@google.com.au,5622531822
Stephi,sduncan29@state.gov,2713659541
Yolande,ylightning2a@army.mil,5126373049
Aundrea,amcgall2b@addtoany.com,5052968614
Celene,colesen2c@census.gov,7428690534
Pietra,pbowskill2d@auda.org.au,2029973990
Wadsworth,wdecourcy2e@phpbb.com,3697611185
Gayla,gyukhin2f@cbsnews.com,4191881755
Orion,olesslie2g@huffingtonpost.com,8045800708
Adelaida,afones2h@mozilla.org,7148028328
Kylila,kbrantl2i@diigo.com,2604098410
Angeli,arevill2j@xing.com,8934084285
Arin,aearle2k@oracle.com,8903344196
Jacques,jgleave2l@sciencedirect.com,5406790874
Sharon,srobiou2m@answers.com,4211674032
Melisande,mheavyside2n@opera.com,5393992176
Binnie,byouel2o@vistaprint.com,6115406379
Calv,cfearon2p@1und1.de,1952611399
Vanny,vliepina2q@mlb.com,1112938762
Gwendolyn,gboult2r@comcast.net,8384467280
